snapshot_date,segment,n_listings,median_sqm_price,mean_sqm_price,median_price,median_days_on_market,pct_price_cut,median_cut_pct,sold_count,median_sold_sqm_price,median_sold_discount_pct,months_of_supply,new_listings,delisted
2026-09-14,all,2159,81271.0,82839.6,7199000.0,59.0,41.0,4.0,966,73813.9,2.8,6.7,,
2026-09-14,apartment,1871,81263.0,82493.4,6995000.0,57.0,40.9,4.0,901,74107.1,2.8,6.2,,
2026-09-14,dist:frederiksberg_c,116,96036.5,99534.7,11496500.0,68.5,41.4,5.0,58,86171.5,3.7,6.0,,
2026-09-14,dist:koebenhavn_k,274,93333.0,95197.7,9495000.0,79.5,37.6,5.0,103,92000.0,3.5,8.0,,
2026-09-14,dist:noerrebro,108,83728.5,83238.2,6145000.0,41.0,40.7,4.5,78,75000.0,2.7,4.2,,
2026-09-14,dist:oesterbro,282,87330.0,89791.3,7822500.0,55.0,46.1,5.0,121,78550.7,2.8,7.0,,
2026-09-14,dist:vesterbro,166,91298.5,89614.0,8772500.0,55.0,42.8,4.0,76,88903.6,2.6,6.6,,
2026-09-14,house,208,82339.0,86539.4,11795000.0,66.0,38.9,4.0,65,66423.2,2.9,9.6,,
2026-09-14,other,80,79087.0,81190.8,7395000.0,71.0,50.0,5.0,0,,,,,
